{
    "pr_auc": 0.3265170363045929,
    "roc_auc": 0.702613304574913,
    "brier_score": 0.11618411689285327,
    "log_loss": 0.3848836037998594
}